Nvalid,StateName,NPostCode,NYear,NClimateZone,StarRating,Exposure,X,CertificateHeating,CertificateSCool,CertificateLCool,TotalFlArea,TotFloorArea,SlabOnGroundArea,FloorsAboveGround,SubfloorFloorArea,FloorsAboveNeighbours_100,CeilingsBelowNeighbours,TotalSharedSurfaceArea,FloorHeightmin,FloorHeightmax,NumberofLiving,NumberofBedrooms,MStorey,NStorey
1,      SA,5360,17,16,8,        Suburban,NA,39.58,6.32,0.95,201.31,201.31,201.31,0,0,0,0,0,0.15,1.25,3,3,0,1
2,      SA,5351,18,16,7.1,            Open,NA,45.79,17.99,1.62,235.27,235.27,98.39,0,125.57,0,0,0,0.15,0.15,2,4,0,1
3,      SA,5173,16,16,7.8,        Suburban,NA,50.15,14.78,1.58,87.39,87.39,87.39,0,0,0,0,0,0.15,0.15,1,2,0,1
4,      SA,5452,17,16,6.4,            Open,NA,71.07,7.69,1.29,257.03,257.03,257.03,0,0,0,0,0,0.1,0.1,3,4,0,1
5,      SA,5019,17,16,6.4,        Suburban,NA,52.7,30.81,2.22,242.21,213.2,130,0,0,0,0,149,0.1,2.8,1,4,1,2
6,      SA,5019,17,16,6.6,        Suburban,NA,49.1,29.67,2.25,242.21,213.2,130,0,0,0,0,149,0.1,2.8,1,4,1,2
7,      SA,5011,17,16,6.4,        Suburban,NA,77.63,21.25,1.92,145.1,122.2,145.1,0,0,0,0,0,0.15,0.2,1,3,0,1
8,      SA,5085,17,16,5.9,        Suburban,NA,56.82,55.08,2.54,121.81,124.8,71.6,0,0,0,0,0,0.2,2.9,1,4,1,2
9,      SA,5085,17,16,5.9,        Suburban,NA,67.92,46.64,2.2,111.41,114.4,53.5,0,0,0,0,0,0.2,2.9,1,3,1,2
10,      SA,5075,17,16,6.9,        Suburban,NA,54.51,20.62,1.84,161.1,144.3,91.2,0,0,0,0,230,0.2,2.9,1,3,1,2
11,      SA,5073,17,16,6.1,        Suburban,NA,72.3,38.5,2.44,127.13,100.7,68.6,0,0,0,0,74,0.1,2.8,1,3,1,2
12,      SA,5073,17,16,6.2,        Suburban,NA,56.71,43.68,2.46,137.9,127,73.6,0,0,0,0,75,0.1,2.8,2,3,1,2
13,      SA,5073,17,16,6.2,        Suburban,NA,58.64,42.94,2.44,137.91,127,73.6,0,0,0,0,75,0.1,2.8,2,3,1,2
14,      SA,5073,17,16,5.9,        Suburban,NA,76.08,36.22,2.19,122.5,126.9,48.2,0,0,0,0,0,0.1,2.8,1,4,1,2
15,      SA,5075,17,16,6,        Suburban,NA,44.94,60.12,2.82,143.52,125.5,82.4,0,0,0,0,53,0.1,2.8,1,3,1,2
16,      SA,5075,17,16,6.2,        Suburban,NA,43.28,55.38,2.75,143.9,124.5,73.7,0,0,0,0,109,0.1,2.8,2,3,1,2
17,      SA,5075,17,16,6.1,        Suburban,NA,51.02,51.45,2.88,143,125.6,79.9,0,0,0,0,57,0.1,2.8,2,3,1,2
19,      SA,5083,15,16,5.8,        Suburban,NA,61.88,53.88,2.27,101.2,104.7,53.1,0,0,0,0,54,0.1,2.8,1,3,1,2
20,      SA,5083,15,16,5.9,        Suburban,NA,51.98,63.37,2.37,101.2,104.7,53.1,0,0,0,0,54,0.1,2.8,1,3,1,2
21,      SA,5083,15,16,5.9,        Suburban,NA,69.2,41.73,2.44,133.4,115.1,66.8,0,0,0,0,73,0.1,2.8,1,3,1,2
26,      SA,5085,15,16,5.4,        Suburban,NA,45.77,78.89,3.56,70.8,70.8,70.8,0,0,0,54.71,131,0.1,0.1,1,2,0,1
30,      SA,5085,15,16,4.9,        Suburban,NA,71.86,76.25,3.55,76.2,76.2,0,0,0,62.2,0,94,7,7,1,2,2,1
31,      SA,5014,17,16,7,        Suburban,NA,45.45,40.2,2.79,95.2,81.6,48.9,0,0,0,0,27,0.1,2.5,1,2,0,2
32,      SA,5014,17,16,7.1,        Suburban,NA,38.37,42.42,3.1,93.7,80.1,48.9,0,0,0,0,56,0.1,2.5,1,2,0,2
33,      SA,5014,17,16,6.9,        Suburban,NA,40.2,48.36,3.22,86,72.4,48.9,0,0,0,0,29,0.1,2.5,1,2,0,2
34,      SA,5014,17,16,6.9,        Suburban,NA,39.27,50.38,3.25,86,72.4,48.9,0,0,0,0,29,0.1,2.5,2,2,0,2
35,      SA,5014,17,16,6.9,        Suburban,NA,41.72,42.05,3.1,93.7,80.1,48.9,0,0,0,0,56,0.1,2.5,1,2,0,2
36,      SA,5014,17,16,7,        Suburban,NA,43.17,41.9,3.12,95.2,81.6,48.9,0,0,0,0,27,0.1,2.5,2,2,0,2
37,      SA,5069,16,16,6.4,        Suburban,NA,31.8,62.31,3.02,99.1,99.1,0,0,0,99.1,0,129,5.7,5.7,1,2,2,1
38,      SA,5069,16,16,7.7,        Suburban,NA,16.03,36.81,2.32,99.1,99.1,0,0,0,99.1,99.1,228,3.1,3.1,1,2,1,1
39,      SA,5074,18,16,6.2,        Suburban,NA,58.96,39.53,2.64,149.31,134,84.1,0,0,0,0,99,0.1,2.8,2,3,1,2
43,      SA,5074,18,16,6,        Suburban,NA,62.41,43.31,2.61,170.81,142.8,99.1,0,0,0,0,14,0.1,2.8,2,3,1,2
44,      SA,5073,16,16,6.1,        Suburban,NA,57.04,51.7,2.51,126.6,111.9,64.4,0,0,0,0,39,0.2,2.9,1,3,1,2
45,      SA,5073,16,16,6.8,        Suburban,NA,49.36,34.01,2.52,127.2,112.3,64.8,0,0,0,0,97,0.2,2.9,1,3,1,2
46,      SA,5073,16,16,6.8,        Suburban,NA,50.35,33.08,2.45,127.2,112.3,64.8,0,0,0,0,97,0.2,2.9,1,3,1,2
47,      SA,5073,16,16,6.5,        Suburban,NA,51.2,41.17,2.59,127.2,112.3,64.8,0,0,0,0,86,0.2,2.9,1,3,1,2
48,      SA,5073,16,16,6,        Suburban,NA,55.74,55.27,2.48,126.6,111.9,64.4,0,0,0,0,39,0.2,2.9,1,3,1,2
49,      SA,5023,18,16,5.9,        Suburban,NA,67.87,36.07,2.02,191,158.6,112.5,0,0,0,0,9,0.1,2.8,2,3,1,2
50,      SA,5211,18,16,5.9,        Suburban,NA,70.17,20.96,1.35,283.1,244.3,157.5,0,0,0,0,0,0.1,4,1,4,1,2
51,      SA,5085,16,16,6.8,        Suburban,NA,43.68,37.17,2.03,110,113,54.6,0,0,0,0,129,0.1,2.8,1,3,1,2
52,      SA,5085,16,16,6.7,        Suburban,NA,33.55,46.6,2.51,137.2,141.2,71.8,0,0,0,0,142,0.1,2.8,2,4,1,2
53,      SA,5085,16,16,6.7,        Suburban,NA,45.56,38.48,2.16,110,113,54.6,0,0,0,0,129,0.1,2.8,1,3,1,2
54,      SA,5085,16,16,6.7,        Suburban,NA,33.55,46.6,2.51,137.2,141.2,71.8,0,0,0,0,142,0.1,2.8,2,4,1,2
55,      SA,5085,16,16,6.9,        Suburban,NA,42.01,36.14,2.13,110,113,54.6,0,0,0,0,129,0.1,2.8,1,3,1,2
56,      SA,5024,16,16,6,        Suburban,NA,66.78,40.8,2.45,151.61,123.8,91.4,0,0,0,0,59,0.2,2.9,1,3,1,2
57,      SA,5352,16,16,6.2,        Suburban,NA,71.88,31.74,1.88,147.4,119.9,147.4,0,0,0,0,40,0.1,0.1,1,2,0,1
58,      SA,5352,16,16,6.3,        Suburban,NA,72.71,25.16,1.65,186.3,140.1,186.3,0,0,0,0,47,0.1,0.1,1,2,0,1
59,      SA,5352,16,16,6.5,        Suburban,NA,63.45,30.22,1.8,143.2,122.5,143.2,0,0,0,0,21,0.1,0.1,1,2,0,1
60,      SA,5352,16,16,6.4,        Suburban,NA,67.34,32.49,1.83,140.5,119.8,140.5,0,0,0,0,21,0.1,0.1,1,2,0,1
61,      SA,5352,16,16,6.4,        Suburban,NA,70.35,29.47,1.86,142.1,120.4,142.1,0,0,0,0,0,0.1,0.1,1,2,0,1
62,      SA,5352,16,16,6.2,        Suburban,NA,69.68,35.4,1.86,149.8,121.5,149.8,0,0,0,0,14,0.1,0.1,1,2,0,1
63,      SA,5085,16,16,6.7,        Suburban,NA,33.55,46.6,2.51,137.2,141.2,71.8,0,0,0,0,142,0.1,2.8,2,4,1,2
64,      SA,5085,16,16,6.9,        Suburban,NA,42.01,36.14,2.13,110,113,54.6,0,0,0,0,129,0.1,2.8,1,3,1,2
65,      SA,5085,16,16,5.9,        Suburban,NA,65.61,45.53,2.12,149.31,120.9,78.1,0,0,0,0,50,0.1,2.8,1,4,1,2
66,      SA,5173,16,16,7.9,        Suburban,NA,40.3,7.29,0.77,187.3,190.5,167.5,0,0,0,0,0,0.1,2.8,1,3,1,2
69,      SA,5131,16,16,5.8,        Suburban,NA,74.78,35.79,1.62,208.6,151.9,208.6,0,0,0,0,0,0.1,0.5,1,3,0,1
70,      SA,5008,17,16,6.2,        Suburban,NA,57.83,46.25,2.7,157.3,121,157.3,0,0,0,0,0,0.1,0.1,1,3,0,1
71,      SA,5070,17,16,6.1,        Suburban,NA,85.66,39.03,3.11,67.7,67.7,67.7,0,0,0,0,0,0.1,0.1,1,2,0,1
72,      SA,5070,17,16,6.1,        Suburban,NA,77.49,45.42,3.23,67.7,67.7,67.7,0,0,0,0,0,0.1,0.1,1,2,0,1
73,      SA,5070,17,16,6.5,        Suburban,NA,62.54,44.75,3.38,72.7,72.7,72.7,0,0,0,0,0,0.1,0.1,1,2,0,1
74,      SA,5070,17,16,6.2,        Suburban,NA,73.42,46.82,3.36,72.7,72.7,72.7,0,0,0,0,0,0.1,0.1,1,2,0,1
75,      SA,5070,17,16,5.9,        Suburban,NA,83.68,29.8,2.02,156.9,123.1,98.3,0,0,0,0,0,0.1,2.65,1,3,0,2
76,      SA,5070,17,16,5.9,        Suburban,NA,86.34,28.56,2.05,156.9,123.1,98.3,0,0,0,0,0,0.1,2.65,1,3,0,2
77,      SA,5070,17,16,5.9,        Suburban,NA,68.14,56.2,2.98,90.1,73.6,54.6,0,0,0,0,25,0.1,2.65,1,2,0,2
78,      SA,5070,17,16,6.1,        Suburban,NA,60.21,57.47,2.99,90.1,73.6,54.6,0,0,0,0,25,0.1,2.65,1,2,0,2
79,      SA,5070,17,16,6.1,        Suburban,NA,68.39,49.07,3.07,90.1,73.6,54.6,0,0,0,0,25,0.1,2.65,1,2,0,2
80,      SA,5070,17,16,6.1,        Suburban,NA,66.32,52.79,3.19,90.1,73.6,54.6,0,0,0,0,25,0.1,2.65,1,2,0,2
81,      SA,5115,17,16,6.3,        Suburban,NA,53.26,56.09,2.94,103.7,103.7,103.7,0,0,0,0,0,0.1,0.1,1,3,0,1
82,      SA,5115,17,16,7.6,        Suburban,NA,42.42,19.92,2.09,136.2,136.2,136.2,0,0,0,0,0,0.1,0.1,2,4,0,1
83,      SA,5038,17,16,5.9,        Suburban,NA,68.21,40.42,2.06,176.1,133.9,176.1,0,0,0,0,0,0.1,0.1,1,3,0,1
84,      SA,5017,17,16,6.3,        Suburban,NA,69.07,39.87,2.64,105.4,105.4,105.4,0,0,0,0,0,0.1,0.1,1,3,0,1
85,      SA,5017,17,16,6.2,        Suburban,NA,71.42,37.97,2.54,105.4,105.4,105.4,0,0,0,0,0,0.1,0.1,1,3,0,1
86,      SA,5025,17,16,7.4,        Suburban,NA,47.82,27.13,2.09,87.28,87.28,87.28,0,0,0,0,0,0.15,0.15,1,2,0,1
87,      SA,5025,17,16,8.2,        Suburban,NA,32.76,15.06,1.63,87.28,87.28,87.28,0,0,0,0,37,0.15,0.15,1,2,0,1
88,      SA,5025,17,16,6.9,        Suburban,NA,51.18,35.76,2.71,81.63,81.63,81.63,0,0,0,0,41,0.15,0.15,2,1,0,1
89,      SA,5022,17,16,5.9,        Suburban,NA,59.08,51.77,3.05,164.3,134.9,125.1,0,0,0,0,44,0.1,2.83,2,3,1,2
90,      SA,5022,17,16,5.9,        Suburban,NA,55.32,54.11,2.9,164.3,134.9,125.1,0,0,0,0,44,0.1,2.83,2,3,1,2
91,      SA,5074,17,16,6.2,        Suburban,NA,67.68,44.27,2.56,101.5,101.5,101.5,0,0,0,0,0,0.1,0.1,1,3,0,1
92,      SA,5074,17,16,5.9,        Suburban,NA,85.73,41.39,3.14,71.4,71.4,71.4,0,0,0,0,0,0.1,0.1,1,2,0,1
93,      SA,5074,17,16,6,        Suburban,NA,69.9,51.4,3.22,85.5,85.5,85.5,0,0,0,0,0,0.1,0.1,1,2,0,1
94,      SA,5074,17,16,6.1,        Suburban,NA,71.68,48.83,3.14,85.5,85.5,85.5,0,0,0,0,0,0.1,0.1,1,2,0,1
95,      SA,5074,17,16,6.1,        Suburban,NA,71.68,48.83,3.14,85.5,85.5,85.5,0,0,0,0,0,0.1,0.1,1,2,0,1
96,      SA,5074,17,16,6.1,        Suburban,NA,71.68,48.83,3.14,85.5,85.5,85.5,0,0,0,0,0,0.1,0.1,1,2,0,1
97,      SA,5074,17,16,6.2,        Suburban,NA,62.03,48.87,2.72,106.2,106.2,106.2,0,0,0,0,0,0.1,0.1,1,3,0,1
98,      SA,5165,17,16,6.6,        Suburban,NA,56.22,33.09,2.45,123.3,110.1,65.1,0,0,0,0,107,0.1,2.8,1,3,1,2
99,      SA,5165,17,16,6,        Suburban,NA,70.25,38.89,2.64,115.8,102.5,63.3,0,0,0,0,53,-0.3,2.4,1,3,0,2
100,      SA,5037,17,16,6.1,        Suburban,NA,68.48,40.4,2.45,116.2,116.2,116.2,0,0,0,0,0,0.2,0.2,1,3,0,1
101,      SA,5037,17,16,5.9,        Suburban,NA,80.97,35.37,2.36,116.2,116.2,116.2,0,0,0,0,0,0.2,0.2,1,3,0,1
102,      SA,5075,17,16,5.9,        Suburban,NA,65.82,40.89,2.33,150.1,133.3,87.3,0,0,0,0,111,0.2,2.9,1,3,1,2
103,      SA,5012,17,16,6.8,        Suburban,NA,48.86,35.8,2.32,143.2,143.2,143.2,0,0,0,0,0,0.1,0.1,2,4,0,1
104,      SA,5043,17,16,7.2,        Suburban,NA,61.12,23.43,3.08,73.1,73.1,73.1,0,0,0,0,0,0.1,0.1,1,2,0,1
105,      SA,5043,17,16,6.7,        Suburban,NA,67.86,36.98,3.34,66.9,66.9,66.9,0,0,0,0,0,0.1,0.1,1,2,0,1
106,      SA,5043,17,16,6.9,        Suburban,NA,60.65,32.04,3.23,72.2,72.2,72.2,0,0,0,0,0,0.1,0.1,1,2,0,1
107,      SA,5043,17,16,6,        Suburban,NA,60.68,64.42,3.14,72.8,72.8,72.8,0,0,0,0,0,0.1,0.1,1,2,0,1
108,      SA,5011,17,16,6.2,        Suburban,NA,74.99,42.68,3.2,75,75,75,0,0,0,0,0,0.1,0.1,1,2,0,1
109,      SA,5011,17,16,6.2,        Suburban,NA,89.42,29.51,2.77,76.4,76.4,76.4,0,0,0,0,0,0.1,0.1,1,2,0,1
110,      SA,5011,17,16,6.8,        Suburban,NA,66.83,30.39,2.96,75.6,75.6,75.6,0,0,0,0,0,0.1,0.1,1,2,0,1
111,      SA,5012,17,16,6.4,        Suburban,NA,70.21,32.27,2.48,116.7,116.7,116.7,0,0,0,0,0,0.1,0.1,2,3,0,1
112,      SA,5012,17,16,6.3,        Suburban,NA,89.89,18.39,2.05,128.5,105.6,128.5,0,0,0,0,0,0.1,0.1,1,3,0,1
113,      SA,5012,17,16,6.2,        Suburban,NA,76.78,29.48,2.44,116.7,116.7,116.7,0,0,0,0,0,0.1,0.1,2,3,0,1
114,      SA,5012,17,16,6.3,        Suburban,NA,89.88,18.39,2.05,128.5,105.6,128.5,0,0,0,0,0,0.1,0.1,1,3,0,1
115,      SA,5012,17,16,6,        Suburban,NA,91.86,25.45,2.22,102.2,102.2,102.2,0,0,0,0,0,0.1,0.1,2,2,0,1
116,      SA,5012,17,16,6,        Suburban,NA,87.97,28.26,2.41,102.2,102.2,102.2,0,0,0,0,0,0.1,0.1,2,2,0,1
117,      SA,5067,17,16,5.9,        Suburban,NA,52.46,38.79,2.39,291.6,252.4,213.1,0,0,0,0,0,0.1,2.8,2,4,1,2
118,      SA,5086,17,16,5.9,        Suburban,NA,85.58,21.5,1.84,182.7,145.1,182.7,0,0,0,0,0,0.2,0.2,2,3,0,1
119,      SA,5033,17,16,6.1,        Suburban,NA,63.86,46.79,2.49,118.7,118.7,118.7,0,0,0,0,0,0.1,0.1,1,2,0,1
120,      SA,5033,17,16,6.6,        Suburban,NA,63.86,36.77,2.7,88.3,88.3,88.3,0,0,0,0,0,0.1,0.1,1,2,0,1
121,      SA,5033,17,16,6.1,        Suburban,NA,60.39,49.68,2.52,118.7,118.7,118.7,0,0,0,0,0,0.1,0.1,1,2,0,1
122,      SA,5033,17,16,6.6,        Suburban,NA,63.92,38.44,2.77,88.3,88.3,88.3,0,0,0,0,0,0.1,0.1,1,2,0,1
123,      SA,5033,17,16,6.3,        Suburban,NA,59.02,52.83,2.77,88.3,88.3,88.3,0,0,0,0,0,0.1,0.1,1,2,0,1
124,      SA,5084,17,16,6.2,        Suburban,NA,58.14,51.43,2.66,106.5,106.5,106.5,0,0,0,0,0,0.1,0.1,1,3,0,1
125,      SA,5084,17,16,6.3,        Suburban,NA,62.29,46.11,2.72,106.5,106.5,106.5,0,0,0,0,0,0.1,0.1,1,3,0,1
126,      SA,5112,17,16,5.9,        Suburban,NA,70.03,50.16,2.65,94.9,94.9,94.9,0,0,0,0,0,0.1,0.1,1,2,0,1
127,      SA,5112,17,16,5.9,        Suburban,NA,86.3,30.85,2.09,112.3,112.3,99.6,0,0,0,0,0,0.1,0.1,1,3,0,1
128,      SA,5112,17,16,5.9,        Suburban,NA,75.39,42.9,2.43,100.4,100.4,100.4,0,0,0,0,0,0.1,0.1,1,2,0,1
129,      SA,5048,18,16,6.1,        Suburban,NA,77.62,35.01,2.2,146.26,113.36,146.26,0,0,0,0,0,0.15,0.15,1,3,0,1
130,      SA,5048,17,16,5.8,        Suburban,NA,97.02,26.57,1.93,123.43,106.31,123.43,0,0,0,0,36,0.15,0.15,1,3,0,1
131,      SA,5048,17,16,5.9,        Suburban,NA,82.32,33.92,2.19,123.43,106.31,123.43,0,0,0,0,36,0.15,0.15,1,3,0,1
132,      SA,5023,17,16,6.8,        Suburban,NA,56.27,36.18,2.7,101,84.5,62.2,0,0,0,0,36,0.1,2.65,1,2,0,2
133,      SA,5023,17,16,5.9,        Suburban,NA,60.66,57,2.71,104.6,104.6,104.6,0,0,0,0,0,0.1,0.1,1,3,0,1
134,      SA,5023,17,16,5.9,        Suburban,NA,59.39,56.88,2.98,108.1,108.1,108.1,0,0,0,0,0,0.1,0.1,1,3,0,1
135,      SA,5023,17,16,6.1,        Suburban,NA,56.3,59.69,3.11,96.1,80.5,61,0,0,0,0,36,0.1,2.65,1,2,0,2
136,      SA,5023,17,16,5.8,        Suburban,NA,59.85,65.56,3.18,95.6,80,60.5,0,0,0,0,36,0.1,2.65,1,2,0,2
137,      SA,5023,17,16,5.9,        Suburban,NA,66.05,59.27,3.17,95.6,80,60.5,0,0,0,0,36,0.1,2.65,1,2,0,2
138,      SA,5023,17,16,5.8,        Suburban,NA,65.37,61.76,3.02,95.6,80,60.5,0,0,0,0,36,0.1,2.65,1,2,0,2
139,      SA,5023,17,16,5.8,        Suburban,NA,65.16,61.86,3.03,95.6,80,60.5,0,0,0,0,36,0.1,2.65,1,2,0,2
140,      SA,5090,15,16,6.2,        Suburban,NA,58.15,45.7,2.2,175.3,132.3,175.3,0,0,0,0,0,0.1,0.1,1,3,0,1
141,      SA,5083,15,16,5.9,        Suburban,NA,70.12,46.1,2.35,147.4,114.3,147.4,0,0,0,0,0,0.1,0.1,2,3,0,1
142,      SA,5083,15,16,6.1,        Suburban,NA,69.89,41.25,2.55,141.9,108.8,141.9,0,0,0,0,0,0.1,0.1,2,3,0,1
143,      SA,5051,15,16,6.3,        Suburban,NA,50.66,33.76,2.32,245.7,211.6,166.8,0,0,0,0,54,-1.4,1.2,3,3,0,2
144,      SA,5158,15,16,5.9,        Suburban,NA,64.33,44.23,2.81,162,127.4,162,0,0,0,0,0,0.1,2.1,2,3,0,1
145,      SA,5607,17,16,5.9,        Suburban,NA,60.08,59.82,2.59,109.7,109.7,109.7,0,0,0,0,0,0.1,0.1,1,3,0,1
146,      SA,5607,17,16,5.9,        Suburban,NA,62.25,67.4,3.41,75.7,75.7,75.7,0,0,0,0,0,0.1,0.1,1,2,0,1
147,      SA,5043,17,16,6.8,        Suburban,NA,54.44,39.08,2.76,90,90,90,0,0,0,0,0,0.1,0.1,1,2,0,1
148,      SA,5043,17,16,6.2,        Suburban,NA,68.64,44.62,2.9,113.7,92.3,113.7,0,0,0,0,0,0.1,0.1,1,2,0,1
149,      SA,5043,17,16,6.2,        Suburban,NA,81,31.75,2.8,88.8,88.8,88.8,0,0,0,0,0,0.1,0.1,1,2,0,1
150,      SA,5051,15,16,6.1,        Suburban,NA,62.36,29.79,2.17,228.3,197.7,133.2,0,0,0,0,56,0.1,2.8,3,3,1,2
151,      SA,5072,17,16,7.1,        Suburban,NA,61.44,16.9,1.61,144.87,125.15,144.87,0,0,0,0,0,0.15,0.15,2,2,0,1
152,      SA,5075,16,16,6.1,        Suburban,NA,71.51,30.69,2.06,164.1,143.9,164.1,0,0,0,0,0,0.1,0.1,2,3,0,1
153,      SA,5051,16,16,6.2,        Suburban,NA,55.49,30.18,2.32,269,231.4,269,0,0,0,0,0,0.1,0.1,2,4,0,1
154,      SA,5158,16,16,6.6,        Suburban,NA,69.3,27.93,2.24,137.5,106.2,137.5,0,0,0,0,0,0.1,0.1,1,3,0,1
155,      SA,5158,16,16,6.6,        Suburban,NA,69.07,26.99,2.26,137.5,106.2,137.5,0,0,0,0,0,0.1,0.1,1,3,0,1
156,      SA,5158,16,16,6.6,        Suburban,NA,69.3,27.93,2.24,137.5,106.2,137.5,0,0,0,0,0,0.1,0.1,1,3,0,1
157,      SA,5090,16,16,6.1,        Suburban,NA,53.95,54.5,2.68,134.1,114.8,134.1,0,0,0,0,0,0.1,0.1,1,3,0,1
158,      SA,5158,16,16,6.7,        Suburban,NA,59.62,30.96,2.52,154.4,121.7,154.4,0,0,0,0,0,0.1,0.1,2,3,0,1
159,      SA,5158,16,16,6.5,        Suburban,NA,65.52,33.8,2.74,120.2,101.3,120.2,0,0,0,0,0,0.1,0.1,1,3,0,1
160,      SA,5011,16,16,6.8,        Suburban,NA,51.18,25.78,2.09,230,184.7,230,0,0,0,0,0,0.1,0.1,2,4,0,1
161,      SA,5158,16,16,7.2,        Suburban,NA,59.13,15.95,2.14,162.5,128.2,162.5,0,0,0,0,0,0.1,0.1,2,3,0,1
162,      SA,5174,16,16,6.6,        Suburban,NA,37.83,41.9,2.52,217,180.6,217,0,0,0,0,0,0.1,0.1,2,4,0,1
163,      SA,5089,16,16,5.9,        Suburban,NA,62.83,31.4,1.8,262.81,227.56,148.74,0,0,0,0,0,0.15,3.28,2,3,1,2
164,      SA,5089,16,16,5.9,        Suburban,NA,60.8,34.56,1.89,262.81,227.56,148.74,0,0,0,0,0,0.15,3.28,2,3,1,2
165,      SA,5087,16,16,6.1,        Suburban,NA,54.86,41.89,2.45,208.2,174,208.2,0,0,0,0,0,0.1,0.1,3,3,0,1
166,      SA,5075,16,16,6.2,        Suburban,NA,70.39,28.68,2.12,165.6,147.3,165.6,0,0,0,0,0,0.1,0.1,2,3,0,1
167,      SA,5172,16,16,6.3,        Suburban,NA,51.14,44.78,2.39,185.8,149.6,185.8,0,0,0,0,0,0.1,0.1,2,3,0,1
168,      SA,5051,16,16,6,        Suburban,NA,53.04,38.02,2.68,249.5,217.2,160.3,0,0,0,0,0,0.1,3.1,3,4,1,2
169,      SA,5048,16,16,6.7,        Suburban,NA,56.34,25.05,1.88,222.8,167.6,222.8,0,0,0,0,0,0.1,0.1,1,3,0,1
170,      SA,5051,16,16,6.2,        Suburban,NA,49.15,29.89,2.18,316.11,277.3,253.9,0,0,0,0,0,0.1,2.8,3,4,1,2
171,      SA,5065,16,16,6.1,        Suburban,NA,66.74,35.8,1.95,173.9,141.1,119.3,0,0,0,0,44,0.1,2.8,1,3,1,2
173,      SA,5211,16,16,6.1,        Suburban,NA,59.81,52.48,2.82,141.5,110.2,141.5,0,0,0,0,0,0.1,0.1,1,3,0,1
174,      SA,5211,16,16,6.1,        Suburban,NA,59.65,49.99,2.65,141.5,110.2,141.5,0,0,0,0,0,0.1,0.1,1,3,0,1
175,      SA,5085,18,16,5.9,        Suburban,NA,58.08,58.23,3.06,123,104.4,123,0,0,0,0,0,0.1,0.1,1,3,0,1
176,      SA,5214,16,16,6,        Suburban,NA,91.36,24.91,2.01,137.5,95.2,137.5,0,0,0,0,0,0.1,0.1,1,2,0,1
177,      SA,5163,16,16,6.2,        Suburban,NA,66.9,42.58,2.39,119.2,101.2,119.2,0,0,0,0,0,0.1,0.1,1,3,0,1
178,      SA,5163,16,16,6.2,        Suburban,NA,70.2,42.41,2.33,118.9,100.9,118.9,0,0,0,0,0,0.1,0.1,1,3,0,1
179,      SA,5085,16,16,6.3,        Suburban,NA,86.1,21.94,1.94,107.4,107.4,107.4,0,0,0,0,0,0.1,0.1,1,3,0,1
180,      SA,5085,16,16,6.3,        Suburban,NA,86.1,21.94,1.94,107.4,107.4,107.4,0,0,0,0,0,0.1,0.1,1,3,0,1
181,      SA,5351,16,16,6.8,        Suburban,NA,54.41,30.66,2.31,127.5,127.5,127.5,0,0,0,0,0,0.1,0.1,2,4,0,1
182,      SA,5069,16,16,7.4,        Suburban,NA,42.61,21.16,1.82,110,112,10.2,0,94,0,101.7,132,-1.7,0.55,1,2,0,2
183,      SA,5063,18,16,6.1,        Suburban,NA,84.3,35.97,3.13,88.9,67.9,88.9,0,0,0,0,20,0.1,0.1,1,2,0,1
184,      SA,5063,18,16,6.3,        Suburban,NA,77.12,36.95,3.27,88.9,67.9,88.9,0,0,0,0,20,0.1,0.1,1,2,0,1
185,      SA,5063,18,16,7.3,        Suburban,NA,57.03,20.84,2.49,92.7,92.7,92.7,0,0,0,0,41,0.1,0.1,1,2,0,1
186,      SA,5063,18,16,7.3,        Suburban,NA,56.53,20.1,2.51,92.7,92.7,92.7,0,0,0,0,41,0.1,0.1,1,2,0,1
187,      SA,5063,18,16,7.3,        Suburban,NA,56.19,21.19,2.5,92.7,92.7,92.7,0,0,0,0,41,0.1,0.1,1,2,0,1
188,      SA,5063,18,16,7.3,        Suburban,NA,55.76,20.67,2.57,92.7,92.7,92.7,0,0,0,0,41,0.1,0.1,1,2,0,1
189,      SA,5016,18,16,6.1,        Suburban,NA,77.54,40.66,3.05,109.6,95.6,70.6,0,0,0,0,0,0.1,2.65,2,2,0,2
190,      SA,5016,18,16,6.1,        Suburban,NA,71.16,46.19,3.14,109.6,95.6,70.6,0,0,0,0,0,0.1,2.65,2,2,0,2
191,      SA,5016,18,16,6,        Suburban,NA,80.78,39.29,2.96,109.6,95.6,70.6,0,0,0,0,0,0.1,2.65,2,2,0,2
192,      SA,5016,18,16,6,        Suburban,NA,78.97,41.38,2.95,109.6,95.6,70.6,0,0,0,0,0,0.1,2.65,2,2,0,2
193,      SA,5016,18,16,6.6,        Suburban,NA,64.72,38.74,3.15,76.3,76.3,76.3,0,0,0,0,0,0.1,0.1,1,2,0,1
194,      SA,5016,18,16,6.6,        Suburban,NA,73.38,31.14,3.06,76.3,76.3,76.3,0,0,0,0,0,0.1,0.1,1,2,0,1
195,      SA,5044,18,16,5.9,        Suburban,NA,55.15,41.88,2.39,222.91,187.5,148.9,0,0,0,0,0,0.1,2.8,2,4,1,2
196,      SA,5120,16,16,6.3,        Suburban,NA,43.68,45.76,2.34,213.7,178.5,213.7,0,0,0,0,0,0.1,0.1,2,4,0,1
197,      SA,5063,18,16,6.2,        Suburban,NA,62.85,27.96,1.93,215.91,197.3,169.5,0,0,0,0,133,0.1,3.1,3,3,1,2
198,      SA,5073,16,16,6.2,        Suburban,NA,69.28,33.17,2.07,156.9,138.5,156.9,0,0,0,0,0,0.1,0.1,2,3,0,1
199,      SA,5073,16,16,5.9,        Suburban,NA,73.15,32.15,2.01,170.2,151.6,170.2,0,0,0,0,0,0.1,0.1,2,3,0,1
200,      SA,5120,16,16,5.9,        Suburban,NA,60.82,41.01,2.14,197.5,160.9,197.5,0,0,0,0,0,0.1,0.1,2,3,0,1
201,      SA,5086,16,16,6.6,        Suburban,NA,40.72,34.89,2.37,256.9,221,256.9,0,0,0,0,0,0.1,0.1,3,4,0,1
202,      SA,5214,16,16,6.1,        Suburban,NA,62.7,41.15,2.09,151.8,137.8,151.8,0,0,0,0,0,0.1,0.1,1,3,0,1
203,      SA,5040,16,16,7.4,        Suburban,NA,39.06,23.9,1.85,171.4,171.4,171.4,0,0,0,0,0,0.1,0.1,2,3,0,1
205,      SA,5159,16,16,6.1,        Suburban,NA,67.29,43.43,2.57,126.5,107.2,126.5,0,0,0,0,0,0.1,0.1,1,3,0,1
206,      SA,5159,16,16,5.9,        Suburban,NA,83.68,32.12,2.36,126.5,107.2,126.5,0,0,0,0,0,0.1,0.1,1,3,0,1
208,      SA,5074,16,16,6.2,        Suburban,NA,63.25,56.19,3.24,74.8,74.8,74.8,0,0,0,0,0,0.1,0.1,1,2,0,1
209,      SA,5074,16,16,6.4,        Suburban,NA,62.24,49.92,3.17,74.8,74.8,74.8,0,0,0,0,0,0.1,0.1,1,2,0,1
210,      SA,5068,18,16,6.1,        Suburban,NA,52.22,23.4,1.31,532.89,445.07,375.13,0,0,0,0,0,0.15,3.53,1,4,1,2
211,      SA,5164,16,16,6,        Suburban,NA,75.66,50.1,3.05,73.4,73.4,73.4,0,0,0,0,0,0.1,0.1,1,2,0,1
212,      SA,5164,16,16,6.2,        Suburban,NA,71.34,46.61,3.07,73.4,73.4,73.4,0,0,0,0,0,0.1,0.1,1,2,0,1
213,      SA,5016,18,16,5.9,        Suburban,NA,91.21,32.87,2.65,86.3,86.3,86.3,0,0,0,0,0,0.1,0.1,1,2,0,1
214,      SA,5016,18,16,5.9,        Suburban,NA,84.99,38.29,2.71,86.3,86.3,86.3,0,0,0,0,0,0.1,0.1,1,2,0,1
215,      SA,5039,18,16,6.7,        Suburban,NA,55.72,21.08,2.02,237.17,201.13,237.17,0,0,0,0,0,0.15,0.15,2,4,0,1
216,      SA,5033,18,16,5.9,        Suburban,NA,58.41,31.96,1.96,281.3,244.8,281.3,0,0,0,0,0,0.1,0.1,2,3,0,1
217,      SA,5011,18,16,5.8,        Suburban,NA,59.97,42.81,2.67,210.7,178.7,124.8,0,0,0,0,0,0.1,2.8,2,3,1,2
218,      SA,5070,18,16,5.9,        Suburban,NA,57.8,42.5,2.09,224.5,178.4,224.5,0,0,0,0,0,0.1,0.1,2,4,0,1
219,      SA,5085,18,16,5.9,        Suburban,NA,76.68,38.94,2.24,133,115.6,133,0,0,0,0,0,0.1,0.1,1,3,0,1
220,      SA,5109,16,16,6.4,        Suburban,NA,68.62,32.1,2.37,134.3,116.5,134.3,0,0,0,0,0,0.1,0.1,1,3,0,1
221,      SA,5032,16,16,6.3,        Suburban,NA,65.11,31.76,2.23,167.9,148.9,167.9,0,0,0,0,0,0.1,0.1,2,3,0,1
222,      SA,5032,16,16,6.1,        Suburban,NA,73.88,30.07,2.13,162.6,143.6,162.6,0,0,0,0,0,0.1,0.1,2,3,0,1
223,      SA,5162,16,16,6.1,        Suburban,NA,81.81,35.44,2.53,90.8,90.8,90.8,0,0,0,0,0,0.1,0.1,1,2,0,1
224,      SA,5162,16,16,6.3,        Suburban,NA,74.23,36.36,2.5,90.8,90.8,90.8,0,0,0,0,0,0.1,0.1,1,2,0,1
225,      SA,5046,16,16,6.9,        Suburban,NA,58.18,27.04,2.25,111.9,111.9,111.9,0,0,0,0,0,0.1,0.1,1,3,0,1
226,      SA,5046,16,16,6.8,        Suburban,NA,53.16,29.22,2.48,146.5,146.5,146.5,0,0,0,0,0,0.1,0.1,2,4,0,1
227,      SA,5163,16,16,6.2,        Suburban,NA,52.35,42.83,2.18,167.8,167.8,167.8,0,0,0,0,0,0.1,0.1,2,5,0,1
228,      SA,5024,16,16,6.1,        Suburban,NA,59.18,41.46,2.37,148.6,132,76,0,0,0,0,71,0.2,2.9,2,3,1,2
229,      SA,5024,16,16,6.1,        Suburban,NA,58.42,43.55,2.3,148.6,132,76,0,0,0,0,92,0.2,2.9,2,3,1,2
230,      SA,5024,16,16,6,        Suburban,NA,59.47,43.17,2.3,148.6,132,76,0,0,0,0,92,0.2,2.9,2,3,1,2
231,      SA,5024,16,16,6.1,        Suburban,NA,58.46,43.57,2.3,148.6,132,76,0,0,0,0,92,0.2,2.9,2,3,1,2
232,      SA,5024,16,16,6.2,        Suburban,NA,60.97,39.98,2.39,148.6,132,76,0,0,0,0,36,0.2,2.9,2,3,1,2
233,      SA,5024,16,16,6.1,        Suburban,NA,65.91,41.23,2.43,151.61,123.8,91.4,0,0,0,0,43,0.2,2.9,1,3,1,2
234,      SA,5024,16,16,5.9,        Suburban,NA,68.63,38.53,2.16,170.71,142.3,90.8,0,0,0,0,15,0.2,2.9,2,3,1,2
235,      SA,5352,16,16,6.3,        Suburban,NA,82.95,13.5,1.39,188,142.5,188,0,0,0,0,40,0.1,0.1,1,2,0,1
236,      SA,5352,16,16,6.4,        Suburban,NA,74.29,22.24,1.7,147.8,120,147.8,0,0,0,0,52,0.1,0.1,1,2,0,1
237,      SA,5083,16,16,5.9,        Suburban,NA,72.54,53.46,2.83,78.4,78.4,78.4,0,0,0,0,0,0.1,0.1,1,2,0,1
238,      SA,5083,16,16,6.2,        Suburban,NA,66.71,51.84,3.62,76.1,76.1,76.1,0,0,0,0,0,0.1,0.1,1,2,0,1
239,      SA,5083,16,16,6.6,        Suburban,NA,59.24,45.04,2.86,73.1,73.1,73.1,0,0,0,0,0,0.1,0.1,1,2,0,1
240,      SA,5083,16,16,6.2,        Suburban,NA,60.83,57.14,2.63,75.6,75.6,75.6,0,0,0,0,0,0.1,0.1,1,2,0,1
241,      SA,5023,16,16,5.9,        Suburban,NA,66.25,50.69,2.84,131,96.4,131,0,0,0,0,0,0.1,0.1,1,3,0,1
242,      SA,5023,16,16,6,        Suburban,NA,65.76,50.25,2.81,131,96.4,131,0,0,0,0,0,0.1,0.1,1,3,0,1
243,      SA,5023,16,16,5.9,        Suburban,NA,66.93,51.72,3.01,116.7,98.9,116.7,0,0,0,0,0,0.1,0.1,1,3,0,1
244,      SA,5023,16,16,6.1,        Suburban,NA,63.68,51.36,3,116.7,98.9,116.7,0,0,0,0,0,0.1,0.1,1,3,0,1
245,      SA,5023,16,16,6,        Suburban,NA,66.55,51.07,3,116.7,98.9,116.7,0,0,0,0,0,0.1,0.1,1,3,0,1
246,      SA,5051,16,16,6,        Suburban,NA,62.63,34.96,1.96,225.8,181.2,225.8,0,0,0,0,0,0.1,1.2,1,4,0,1
247,      SA,5600,16,16,6.5,        Suburban,NA,49.79,36.02,2.07,213.91,171.58,213.91,0,0,0,0,0,0.1,0.1,2,3,0,1
248,      SA,5085,16,16,6.1,        Suburban,NA,45.93,47.91,2.31,207.5,180.6,95.2,0,0,0,0,90,0.1,5.5,3,4,1,3
249,      SA,5085,16,16,6.2,        Suburban,NA,61.32,42.09,2.72,141.7,114.1,71.8,0,0,0,0,82,0.1,2.8,1,3,1,2
250,      SA,5064,16,16,6.2,        Suburban,NA,68.9,21.2,1.74,197.7,197.7,197.7,0,0,0,0,0,0.1,0.2,1,4,0,1
251,      SA,5043,16,16,7.1,        Suburban,NA,41,30.43,2.12,153.5,139.1,89.3,0,0,0,0,127,0.1,2.8,2,3,1,2
252,      SA,5043,16,16,7.1,        Suburban,NA,40.99,28.95,2.11,153.5,139.1,89.3,0,0,0,0,127,0.1,2.8,2,3,1,2
253,      SA,5015,17,16,6.3,        Suburban,NA,18.52,73.33,3.37,76.32,76.32,0,0,0,76.32,75.32,181,3.85,3.85,1,2,1,1
254,      SA,5015,17,16,5.1,        Suburban,NA,34.78,105.56,3.6,76.32,76.32,0,0,0,76.32,0,113,7.05,7.05,1,2,2,1
255,      SA,5015,17,16,6.6,        Suburban,NA,23.05,58.79,2.9,76.32,76.32,0,0,0,76.32,75.32,181,3.85,3.85,1,2,1,1
256,      SA,5015,17,16,5.5,        Suburban,NA,34.3,88.68,3.34,76.32,76.32,0,0,0,76.32,0,113,7.05,7.05,1,2,2,1
257,      SA,5211,17,16,7.4,            Open,NA,47.26,20.7,1.88,175.46,127.99,47.47,0,131.6,0,0,0,0.15,0.62,1,3,0,1
258,      SA,5606,17,16,6.1,         Exposed,NA,56.24,37.38,1.73,188.2,191.2,131.8,0,0,0,0,0,0.1,2.7,2,4,0,2
259,      SA,5069,18,16,5.9,        Suburban,NA,70.82,11.86,1.22,340.58,342.75,253.02,0,0,0,0,0,0.15,3.25,3,3,1,2
260,      SA,5072,17,16,5.8,        Suburban,NA,62.64,19.07,1.26,538.99,450.91,147.68,0,0,0,0,0,0.15,6.8,2,4,2,3
261,      SA,5069,18,16,6,        Suburban,NA,62.04,19.44,1.52,400.86,346.83,254.63,0,0,0,0,0,0.15,3.15,2,3,1,2
263,      SA,5022,17,16,5.8,         Exposed,NA,60.86,23.75,1.59,354.32,381.99,142.42,0,0,0,0,0,0.15,6.15,2,5,2,3
264,      SA,5081,17,16,6.1,        Suburban,NA,63.77,34.47,3.68,144.66,148.63,41.24,0,69.19,0,0,77,0.15,2.9,3,2,1,2
265,      SA,5120,16,16,6.3,        Suburban,NA,61.07,12.14,1.34,421.1,349.1,421.1,0,0,0,0,0,0.1,0.1,3,4,0,1
266,      SA,5069,16,16,5.1,        Suburban,NA,43.51,80.66,11.7,103.8,103.8,103.8,0,0,0,103.8,147,0.1,0.1,2,1,0,1
267,      SA,5069,16,16,6.4,        Suburban,NA,55.25,39.09,3.38,102.9,102.9,0,0,0,102.9,0,150,3.5,3.5,2,3,1,1
268,      SA,5213,16,16,5.9,        Suburban,NA,54.59,51.31,2.45,145.5,148.5,55.9,0,0,0,0,0,0.1,2.8,1,3,1,2
269,      SA,5254,17,16,5.9,        Suburban,NA,55.38,45.97,2.03,209.32,178.07,209.32,0,0,0,0,0,0.3,0.3,1,4,0,1
270,      SA,5165,17,16,6.6,        Suburban,NA,55.74,32.16,2.31,123.3,110.1,65.1,0,0,0,0,113,0.1,2.8,1,3,1,2
271,      SA,5165,17,16,6.2,        Suburban,NA,71.71,37.63,2.65,78.81,81.8,36.2,0,0,0,0,50,0.1,2.8,1,3,1,2
272,      SA,5085,17,16,5.8,        Suburban,NA,62.08,42.91,2.2,175.21,177.2,120,0,0,0,0,0,0.1,2.8,2,3,1,2
273,      SA,5039,17,16,6,        Suburban,NA,68.71,41.88,2.52,126.01,110.9,87.7,0,0,0,0,50,0.1,2.8,2,3,1,2
274,      SA,5039,17,16,6,        Suburban,NA,68.71,41.88,2.52,126.01,110.9,87.7,0,0,0,0,50,0.1,2.8,2,3,1,2
275,      SA,5113,16,16,5.9,        Suburban,NA,48.2,72.1,3.67,99.5,99.5,99.5,0,0,0,0,0,0.25,0.25,1,3,0,1
276,      SA,5172,16,16,6.5,            Open,NA,51.13,35,1.75,223.69,187.64,111.66,0,38.13,0,0,0,0.15,3.42,1,3,1,2
277,      SA,5172,16,16,6.5,            Open,NA,51.13,35,1.75,223.69,187.64,111.66,0,38.13,0,0,0,0.15,3.42,1,3,1,2
278,      SA,5048,18,16,5.9,        Suburban,NA,45.36,37.18,1.29,399.9,363.8,236.6,0,0,0,0,0,-2.3,3.1,2,4,1,3
279,      SA,5608,18,16,6.2,        Suburban,NA,70.77,26.77,2.37,144.96,144.96,144.96,0,0,0,0,0,0.33,0.33,2,4,0,1
280,      SA,5044,16,16,6.2,        Suburban,NA,59.04,39.32,2,162.3,144.2,91.3,0,0,0,0,119,0.1,2.8,1,3,1,2
281,      SA,5015,17,16,6.9,        Suburban,NA,18.12,53.78,2.88,76.32,76.32,0,0,0,76.32,75.32,207,3.85,3.85,1,2,1,1
282,      SA,5015,17,16,7.1,        Suburban,NA,16.5,50.39,2.79,76.32,76.32,0,0,0,76.32,75.32,207,3.85,3.85,1,2,1,1
283,      SA,5015,17,16,7.1,        Suburban,NA,16.58,50.19,2.85,76.32,76.32,0,0,0,76.32,75.32,207,3.85,3.85,1,2,1,1
284,      SA,5015,17,16,6.9,        Suburban,NA,17.54,53.85,2.81,76.32,76.32,0,0,0,76.32,75.32,207,3.85,3.85,1,2,1,1
285,      SA,5015,17,16,6,        Suburban,NA,24.08,80.49,3.2,76.32,76.32,0,0,0,76.32,0,146,7.05,7.05,1,2,2,1
286,      SA,5015,17,16,5.6,        Suburban,NA,29.09,87.53,3.34,76.32,76.32,0,0,0,76.32,0,146,7.05,7.05,1,2,2,1
287,      SA,5015,17,16,5.6,        Suburban,NA,29.13,87.87,3.39,76.32,76.32,0,0,0,76.32,0,146,7.05,7.05,1,2,2,1
288,      SA,5015,17,16,6,        Suburban,NA,24.07,80.38,3.19,76.32,76.32,0,0,0,76.32,0,146,7.05,7.05,1,2,2,1
289,      SA,5118,17,16,5.7,        Suburban,NA,79.49,44.56,2.58,104.86,87.09,65.72,0,0,0,0,60,0.15,3.15,1,2,1,2
290,      SA,5118,17,16,6.3,        Suburban,NA,64.61,37.45,2.45,104.86,87.09,65.72,0,0,0,0,96,0.15,3.15,1,2,1,2
291,      SA,5118,17,16,5.9,        Suburban,NA,67.43,43.84,2.31,115.35,103.16,66.02,0,0,0,0,65,0.15,3.15,1,2,1,2
292,      SA,5118,17,16,6.1,        Suburban,NA,66.17,40.38,2.59,104.86,87.09,65.72,0,0,0,0,96,0.15,3.15,1,2,1,2
293,      SA,5118,17,16,6.3,        Suburban,NA,64.61,37.45,2.45,104.86,87.09,65.72,0,0,0,0,96,0.15,3.15,1,2,1,2
294,      SA,5118,17,16,5.9,        Suburban,NA,70.09,38.67,2.4,115.35,103.16,66.02,0,0,0,0,88,0.15,3.15,1,2,1,2
295,      SA,5118,17,16,6.5,        Suburban,NA,61.06,29.7,2.25,120.98,107.22,66.29,0,0,0,0,105,0.15,3.15,1,3,1,2
296,      SA,5118,17,16,5.9,        Suburban,NA,71.02,39.27,2.31,115.35,103.16,66.02,0,0,0,0,88,0.15,3.15,1,2,1,2
297,      SA,5118,17,16,5.7,        Suburban,NA,75.08,47.39,2.64,104.85,87.09,65.72,0,0,0,0,50,0.15,3.15,1,2,1,2
298,      SA,5072,18,16,9.8,        Suburban,NA,5.79,1.22,0.27,116.38,116.38,116.38,0,0,0,0,40,0.1,0.1,1,3,0,1
299,      SA,5453,16,16,6.6,            Open,NA,43.79,43.96,2.65,147.98,147.98,0,15177,151.77,0,0,0,0.55,0.55,1,2,0,1
300,      SA,5211,16,16,4.8,        Suburban,NA,83.2,53.09,2.36,259.09,201.81,143.31,0,0,0,0,0,0.15,3.3,1,3,1,2
301,      SA,5033,16,16,6.2,        Suburban,NA,80.27,17.36,1.67,166.81,166.81,166.81,0,0,0,0,0,0.1,0.1,1,4,0,1
302,      SA,5115,17,16,7.1,        Suburban,NA,46.63,38.72,2.42,95.96,95.96,95.96,0,0,0,0,0,0.15,0.15,1,3,0,1
303,      SA,5115,17,16,7,        Suburban,NA,45.03,41.41,2.63,95.96,95.96,95.96,0,0,0,0,0,0.15,0.15,1,3,0,1
304,      SA,5600,17,16,5.9,            Open,NA,57.79,46.21,2.06,160.51,160.51,0,10605,106.05,0,0,0,2.9,2.9,1,3,1,1
305,      SA,5115,17,16,7,        Suburban,NA,62.08,24.82,2.14,95.96,95.96,95.96,0,0,0,0,0,0.15,0.15,1,3,0,1
306,      SA,5115,17,16,7,        Suburban,NA,45.85,40.34,2.53,95.93,95.93,95.93,0,0,0,0,0,0.15,0.15,1,3,0,1
307,      SA,5115,17,16,6.9,        Suburban,NA,57.93,30.66,2.21,102.8,102.8,102.8,0,0,0,0,0,0.15,0.15,1,3,0,1
308,      SA,5112,16,16,5.9,        Suburban,NA,68.41,27.37,2,257.78,214.29,219.47,0,0,0,0,0,0.1,2.8,3,3,1,2
309,      SA,5085,18,16,6.1,        Suburban,NA,51.62,45.63,2.69,170.32,155.14,54.65,0,0,0,0,169,0.15,6.35,1,3,2,3
310,      SA,5085,18,16,5.9,        Suburban,NA,56.06,47.64,2.56,156.13,140.44,54.01,0,0,0,0,123,0.15,6.35,1,3,2,3
311,      SA,5074,18,16,6.3,        Suburban,NA,62.91,30.42,2.07,157.92,142.6,84.6,0,0,0,0,111,0.1,2.8,2,3,1,2
312,      SA,5074,18,16,6.2,        Suburban,NA,55.21,42.72,2.27,157.92,142.6,84.6,0,0,0,0,96,0.1,2.8,2,3,1,2
313,      SA,5074,18,16,5.9,        Suburban,NA,77.41,31.71,1.89,162.11,129,93.8,0,0,0,0,17,0.1,2.8,1,3,1,2
314,      SA,5074,18,16,5.9,        Suburban,NA,61.72,48.2,2.11,133.41,114.3,73.3,0,0,0,0,83,0.1,2.8,1,3,1,2
315,      SA,5074,18,16,5.9,        Suburban,NA,58.02,50.57,2.22,133.41,114.3,73.3,0,0,0,0,83,0.1,2.8,1,3,1,2
316,      SA,5074,18,16,5.9,        Suburban,NA,60.38,48.72,2.13,133.41,114.3,73.3,0,0,0,0,83,0.1,2.8,1,3,1,2
317,      SA,5074,18,16,5.9,        Suburban,NA,59.3,50.82,2.17,133.41,114.3,73.3,0,0,0,0,67,0.1,2.8,1,3,1,2
318,      SA,5074,18,16,6.3,        Suburban,NA,57.41,33.33,2.26,207.4,179.1,141.3,0,0,0,0,34,0.1,2.8,2,4,1,2
319,      SA,5074,18,16,6.6,        Suburban,NA,58.52,28.88,1.98,152.1,135.1,83,0,0,0,0,136,0.1,2.8,1,3,1,2
320,      SA,5074,18,16,6.4,        Suburban,NA,61.91,27.64,1.95,149.6,133.6,80.5,0,0,0,0,134,0.1,2.8,1,3,1,2
321,      SA,5074,18,16,6.3,        Suburban,NA,68.42,29.97,2.08,148.6,132.6,79.5,0,0,0,0,33,0.1,2.8,1,3,1,2
322,      SA,5074,18,16,6.2,        Suburban,NA,73.64,30.77,2.22,136.7,116.9,73.6,0,0,0,0,33,0.1,2.8,1,3,1,2
323,      SA,5074,18,16,5.9,        Suburban,NA,68.45,46.19,2.47,135.2,114.4,76.6,0,0,0,0,17,0.1,2.8,1,3,1,2
324,      SA,5067,16,16,6,        Suburban,NA,58.98,33.36,2.11,198.39,198.39,20.91,0,0,27.72,0,32,3.15,3.15,1,3,1,1
325,      SA,5025,17,16,7.6,        Suburban,NA,47.54,15.89,2.49,61.36,61.36,61.36,0,0,0,61.29,90,0.15,0.15,1,1,0,1
326,      SA,5025,17,16,7.7,        Suburban,NA,45.91,16.49,2.5,61.36,61.36,61.36,0,0,0,61.29,90,0.15,0.15,1,1,0,1
327,      SA,5025,17,16,7.6,        Suburban,NA,46.12,16.5,2.56,61.36,61.36,61.36,0,0,0,61.29,90,0.15,0.15,1,1,0,1
328,      SA,5025,17,16,7.7,        Suburban,NA,45.01,16.86,2.48,61.36,61.36,61.36,0,0,0,61.29,90,0.15,0.15,1,1,0,1
329,      SA,5025,17,16,6.1,        Suburban,NA,56.75,50.69,3.89,61.26,61.26,0,0,0,61.26,0,99,3.45,3.45,1,1,1,1
330,      SA,5025,17,16,6.1,        Suburban,NA,52.96,54.3,3.61,61.26,61.26,0,0,0,61.26,0,99,3.45,3.45,1,1,1,1
331,      SA,5025,17,16,6.1,        Suburban,NA,57.12,50.43,3.88,61.26,61.26,0,0,0,61.26,0,99,3.45,3.45,1,1,1,1
332,      SA,5025,17,16,6.1,        Suburban,NA,52.37,55.33,3.78,61.26,61.26,0,0,0,61.26,0,99,3.45,3.45,1,1,1,1
333,      SA,5600,17,16,5.9,        Suburban,NA,59.45,46.06,2.67,154.06,154.06,74.9,0,87.72,0,0,0,0.1,0.9,2,3,0,1
334,      SA,5431,17,16,6.2,            Open,NA,72.04,10.3,1.25,276.57,276.57,125.89,0,153.11,0,0,0,0.3,0.3,2,4,0,1
335,      SA,5600,17,16,6.2,        Suburban,NA,77.49,19.34,1.58,151.97,151.97,33.48,0,89.51,0,0,0,0.3,0.3,2,4,0,1
336,      SA,5081,17,16,5.9,        Suburban,NA,66.73,12.82,0.98,524.81,465.95,229.6,0,192.17,0,0,0,0.15,5.9,2,4,2,3
337,      SA,5067,17,16,6.5,        Suburban,NA,59.81,6.47,0.76,546.12,455.33,439.4,0,0,0,0,0,0.15,3.74,2,3,1,2
338,      SA,5431,18,16,6.3,        Suburban,NA,90.56,9.99,1.87,124.43,124.43,124.43,0,0,0,0,0,0.2,0.2,3,2,0,1
339,      SA,5032,16,16,7,        Suburban,NA,47.5,18.51,1.84,267.2,244.9,169,0,0,0,0,87,0.1,2.8,2,3,1,2
340,      SA,5231,17,16,5.6,        Suburban,NA,33.7,56.14,1.8,307.36,314.63,208.38,0,0,0,0,0,0.15,6.65,2,2,2,3
341,      SA,5083,15,16,6.1,        Suburban,NA,43.77,61.66,2.38,101.2,104.7,53.1,0,0,0,0,111,0.1,2.8,1,3,1,2
342,      SA,5211,17,16,6.4,            Open,NA,63.51,35.1,1.85,115.4,115.4,115.4,0,0,0,0,0,0.12,0.12,1,2,0,1
343,      SA,5204,18,16,6.1,            Open,NA,57.19,30.5,1.83,316.43,256.39,226.95,0,47.99,0,0,0,0.15,2.5,2,3,0,2
344,      SA,5211,18,16,6,            Open,NA,73.52,29.08,1.62,203.3,165.4,203.3,0,0,0,0,0,0.1,0.1,1,4,0,1
345,      SA,5172,18,16,5.9,        Suburban,NA,41.51,60.82,2.29,240.24,179.52,190.7,0,0,0,0,0,0.15,2.85,1,2,1,2
346,      SA,5204,16,16,5.9,        Suburban,NA,59.72,23.03,1.56,387.1,313,199.6,0,0,0,0,0,0.1,4.3,2,3,1,2
347,      SA,5050,16,16,6.2,        Suburban,NA,53.33,33.02,2.06,231.57,237.44,213.9,0,0,0,0,0,0.15,3.35,3,3,1,2
348,      SA,5159,16,16,5.9,        Suburban,NA,56.58,59.33,3.45,80.8,83.63,28,0,0,83.39,0,91,0.15,2.71,2,1,0,2
349,      SA,5172,18,16,7.4,            Open,NA,42.19,10.04,1.24,279.48,279.48,279.48,0,0,0,0,0,0.15,0.15,2,5,0,1
350,      SA,5355,17,16,6.3,        Suburban,NA,76.98,30.08,4.24,95.2,95.2,0,3339,33.39,0,0,0,0.7,3.1,2,1,1,2
351,      SA,5355,17,16,6.3,        Suburban,NA,76.98,30.08,4.24,95.2,95.2,0,3339,33.39,0,0,0,0.7,3.1,2,1,1,2
352,      SA,5214,18,16,6.2,        Suburban,NA,63.46,28.78,2.06,189.24,189.24,181.67,0,7.57,0,0,0,0.7,0.7,2,3,0,1
353,      SA,5098,17,16,5.9,        Suburban,NA,73.71,51.74,2.69,74.35,74.35,74.35,0,0,0,0,0,0.15,0.15,1,2,0,1
354,      SA,5049,17,16,6.1,        Suburban,NA,50.32,38.65,2.51,217.14,217.13,109.15,0,0,0,0,0,0.15,3.15,2,4,1,2
355,      SA,5210,17,16,5.9,        Suburban,NA,58.01,61.33,2.86,101.2,101.2,0,10490,104.9,0,0,0,0.6,0.6,1,3,0,1
356,      SA,5212,17,16,5.9,        Suburban,NA,64.05,31.22,2.22,206.55,208.85,156.75,0,0,0,0,0,0.1,3.6,2,3,1,2
357,      SA,5485,17,27,6.1,            Open,NA,87.34,14.41,2.63,231.36,231.36,231.36,0,0,0,0,0,0.1,0.1,3,4,0,1
358,      SA,5540,17,27,6.5,        Suburban,NA,75.44,18.7,2.3,247.15,203.12,247.15,0,0,0,0,0,0.1,0.1,2,4,0,1
359,      SA,5482,17,27,6.1,            Open,NA,87.36,7.16,1.72,285.37,285.37,285.37,0,0,0,0,0,0.1,0.1,2,4,0,1
360,      SA,5556,17,27,5.9,            Open,NA,84.08,25.05,2.64,263.16,217.07,263.16,0,0,0,0,0,0.3,0.3,2,4,0,1
361,      SA,5522,17,27,6,        Suburban,NA,89.55,21.51,2.42,221.9,183.27,221.9,0,0,0,0,0,0.1,0.1,1,3,0,1
362,      SA,5540,17,27,6.2,        Suburban,NA,70.27,23.45,2.81,309.65,267.27,309.65,0,0,0,0,0,0.1,0.1,2,3,0,1
363,      SA,5502,16,27,6.8,            Open,NA,50.61,25.14,2.6,295.99,295.99,295.99,0,0,0,0,0,0.2,0.2,2,4,0,1
364,      SA,5540,16,27,7.3,        Suburban,NA,46.58,17.96,1.93,309.49,269.29,309.49,0,0,0,0,0,0.1,0.1,3,4,0,1
365,      SA,5540,17,27,5.9,        Suburban,NA,91.5,21.23,4.62,188.79,188.79,188.79,0,0,0,0,0,0.1,0.24,3,3,0,1
366,      SA,5540,17,27,6.2,            Open,NA,76.15,18.08,2.26,265.16,265.16,265.16,0,0,0,0,0,0.1,0.1,3,4,0,1
367,      SA,5540,17,27,6.2,        Suburban,NA,74.83,24.2,5.94,205.08,205.08,104.94,0,102.78,0,0,0,0.1,0.4,3,4,0,1
368,      SA,5540,16,27,6.1,        Suburban,NA,105.37,7.58,2.47,158.79,158.79,143.62,0,0,0,34.31,34,0.2,0.2,3,3,0,1
369,      SA,5540,16,27,6.2,        Suburban,NA,90.7,24.43,2.72,153.51,153.51,89.74,0,65.78,0,0,0,0.4,0.4,2,4,0,1
370,      SA,5540,17,27,5.4,            Open,NA,109.63,28.72,3.42,143.85,143.85,0,15338,153.38,0,0,0,0.5,0.5,2,4,0,1
371,      SA,5501,17,27,5.9,        Suburban,NA,83.68,30.05,3.47,191.51,195.41,82.15,0,0,0,0,0,0.1,3.26,2,3,1,2
372,      SA,5540,18,27,6.3,        Suburban,NA,85.86,38.54,3.53,99.14,99.14,99.14,0,0,0,0,0,0.1,0.1,1,3,0,1
373,      SA,5540,16,27,5.6,        Suburban,NA,61.42,56.05,4.03,252.25,213.04,39.21,0,270.97,0,0,0,0.44,0.49,2,4,0,1
374,      SA,5495,18,27,5.4,            Open,NA,95.48,43.81,3.01,149.95,149.95,0,0,0,0,0,0,1.6,1.6,1,4,0,1
375,      SA,5540,18,27,6.4,            Open,NA,67.98,19.47,2.16,289.06,289.06,289.06,0,0,0,0,0,0.1,0.1,2,4,0,1
376,      SA,5491,16,27,5.9,        Suburban,NA,113.76,6.61,1.46,171.5,171.5,171.5,0,0,0,0,0,0.1,0.1,2,3,0,1
377,      SA,5490,18,27,6,            Open,NA,96.19,5.49,2.1,243.79,243.79,243.79,0,0,0,0,0,0.1,0.1,3,3,0,1
378,      SA,5523,18,27,6.3,        Suburban,NA,82.07,15.9,3.66,198.15,198.15,150.64,0,0,47.51,0,48,0.1,0.1,3,3,0,1
379,      SA,5491,18,27,5.9,        Suburban,NA,100.25,4.38,2.92,246.65,246.65,246.65,0,0,0,0,0,0.1,0.1,3,3,0,1
380,      SA,5482,16,27,6.2,            Open,NA,90.42,13.53,2.9,205.48,205.48,205.48,0,0,0,0,0,0.1,0.1,3,4,0,1
381,      SA,5238,16,27,4.9,        Suburban,NA,120.69,68.73,4.72,70.97,70.97,0,10080,100.8,0,0,0,0.6,0.6,1,2,0,1
382,      SA,5483,16,27,5.9,        Suburban,NA,75.8,42.17,2.81,180.08,180.08,180.08,0,0,0,0,0,0.1,0.1,2,3,0,1
383,      SA,5733,17,43,5.4,            Open,NA,34.09,124.37,12.64,49.73,49.73,0,5440,54.4,0,0,0,0.65,0.65,1,2,0,1
384,      SA,5733,16,43,5.8,        Suburban,NA,24.5,104.49,11.3,79.05,79.05,0,8900,89,0,0,0,0.6,0.6,2,3,0,1
385,      SA,5733,16,43,6.1,            Open,NA,37.13,75.94,5.73,113.7,113.7,0,11740,117.4,0,0,0,0.4,0.4,1,3,0,1
386,      SA,5710,17,45,7.1,        Suburban,NA,29.19,38.28,2.35,152.57,152.57,152.57,0,0,0,0,0,0.35,0.35,2,3,0,1
387,      SA,5700,16,45,6.7,        Suburban,NA,55.93,30,2.94,123.88,100.26,123.88,0,0,0,0,19,0.1,0.1,1,2,0,1
388,      SA,5700,16,45,7.1,        Suburban,NA,45.52,30.22,2.93,123.88,100.26,123.88,0,0,0,0,19,0.1,0.1,1,2,0,1
389,      SA,5710,18,45,6.1,        Suburban,NA,42.39,54.82,5.77,114.7,114.7,19.98,0,105.04,0,0,0,0.26,0.6,3,3,0,1
390,      SA,5700,16,45,6.3,        Suburban,NA,37.39,59.65,2.84,104.14,104.14,104.14,0,0,0,0,0,0.1,0.1,1,3,0,1
391,      SA,5700,18,45,6.3,        Suburban,NA,34.54,60.57,2.99,139.5,119.8,139.5,0,0,0,0,20,0.1,0.1,1,3,0,1
392,      SA,5700,18,45,6.1,        Suburban,NA,46.11,53.21,2.81,139.5,119.8,139.5,0,0,0,0,20,0.1,0.1,1,3,0,1
393,      SA,5700,18,45,6.7,        Suburban,NA,37.57,48.03,3.28,135.5,115.7,135.5,0,0,0,0,0,0.1,0.1,1,3,0,1
394,      SA,5710,16,45,6.4,        Suburban,NA,20.53,54.08,2.82,243.99,243.99,243.99,0,0,0,0,0,0.1,0.1,3,4,0,1
395,      SA,5700,16,45,6.4,        Suburban,NA,41.85,52.59,4.17,97.97,97.97,97.97,0,0,0,0,0,0.1,0.1,2,2,0,1
396,      SA,5433,16,45,5.9,        Suburban,NA,93.14,9.63,2.2,119.55,119.55,119.55,0,0,0,0,0,0.1,0.1,2,3,0,1
397,      SA,5710,16,45,6.2,            Open,NA,50.71,27.06,4.43,223.63,223.63,90.64,0,143.5,0,0,0,0.3,0.6,3,3,0,1
398,      SA,5710,17,45,5.4,        Suburban,NA,65.59,57.04,3.04,104.85,104.85,0,11262,112.62,0,0,0,0.6,0.6,1,4,0,1
399,      SA,5700,17,45,5.3,        Suburban,NA,79.25,46.24,4.85,108.53,108.53,0,11910,119.1,0,0,0,0.4,0.4,2,3,0,1
400,      SA,5700,17,45,6.1,        Suburban,NA,44.79,57.83,3.19,110.2,110.2,41.23,0,92.61,0,0,0,0.44,0.44,2,3,0,1
401,      SA,5710,17,45,5.2,        Suburban,NA,41.66,62.87,3.7,215.3,215.3,0,23274,232.74,0,0,0,0.6,0.6,3,4,0,1
402,      SA,5700,17,45,6.6,            Open,NA,55.11,23.59,1.64,174.9,174.9,174.9,0,0,0,0,0,0.2,0.2,1,3,0,1
403,      SA,5700,16,45,6.7,            Open,NA,42.55,37.98,2.13,143.04,140.84,143.04,0,0,0,0,0,0.1,0.1,1,3,0,1
404,      SA,5700,18,45,6,        Suburban,NA,46.95,61.69,4.08,87.86,87.86,0,9778,97.78,0,0,0,0.4,0.4,2,3,0,1
405,      SA,5433,18,45,5.3,            Open,NA,82.79,38.08,2.8,127.31,127.31,0,13984,139.84,0,1.38,1,0.55,0.55,2,3,0,1
406,      SA,5700,16,45,7.1,        Suburban,NA,42.17,31.46,2.44,113.3,113.3,113.3,0,0,0,0,0,0.1,0.1,1,3,0,1
407,      SA,5700,18,45,5.9,            Open,NA,50.87,47.77,2.83,164.62,164.62,0,25723,257.23,0,0,0,0.6,0.6,1,3,0,1
408,      SA,5710,18,45,6.8,        Suburban,NA,24.2,78.63,12.83,22.72,22.72,22.72,0,0,0,0,0,0.1,0.1,1,0,0,1
409,      SA,5700,18,45,5.2,        Suburban,NA,68.67,56.76,3.96,122.08,122.08,0,13232,132.32,0,0,0,0.75,0.75,3,3,0,1
410,      SA,5710,16,45,5.4,        Suburban,NA,51.28,57.37,3.46,158.77,158.77,29.18,0,140.09,0,0,0,0.3,0.6,2,4,0,1
411,      SA,5700,16,45,5.4,        Suburban,NA,47.21,69.93,4.01,128.82,128.82,0,13242,132.42,0,0,0,0.6,0.6,2,3,0,1
412,      SA,5433,16,45,6.4,        Suburban,NA,70.48,15.16,3.53,154.12,154.12,68.91,0,92.76,0,0,0,0.65,0.65,3,3,0,1
413,      SA,5433,17,45,5.3,            Open,NA,67.77,53.52,2.64,123.5,123.5,0,14471,144.71,0,0,0,0.5,0.5,1,3,0,1
414,      SA,5700,17,45,6.7,        Suburban,NA,45.34,31.62,2.56,158.47,158.47,158.47,0,0,0,0,0,0.1,0.1,2,3,0,1
415,      SA,5422,18,45,6.3,            Open,NA,47.62,44.57,2.16,140.44,140.44,140.44,0,0,0,0,0,0.1,0.1,1,4,0,1
416,      SA,5700,18,45,4.9,            Open,NA,72.01,62.68,2.72,114.13,114.13,0,0,0,0,0,0,1.78,1.78,1,2,0,1
417,      SA,5433,16,45,5.4,         Exposed,NA,69.44,36.31,2.76,172.7,172.7,0,18025,180.25,0,0,0,0.61,0.61,2,3,0,1
418,      SA,5700,17,45,6,        Suburban,NA,77.87,28.78,4.49,99.07,99.07,99.07,0,0,0,0,0,0.1,0.1,3,2,0,1
419,      SA,5223,17,53,6.4,         Exposed,NA,31.06,27.79,2.31,539.23,310.98,234.64,0,0,0,0,0,0.1,3.2,1,5,1,2
420,      SA,5690,17,53,6.2,        Suburban,NA,62.15,18.78,1.45,148,148,148,0,0,0,0,0,0.3,0.3,2,4,0,1
421,      SA,5690,18,53,6.9,        Suburban,NA,47.99,16.26,1.63,147.6,147.6,147.6,0,0,0,0,0,0.1,0.1,2,3,0,1
422,      SA,5577,16,53,5,            Open,NA,67.14,53.07,2.79,103.85,103.85,0,10747,107.47,0,0,0,0.75,0.75,1,3,0,1
423,      SA,5680,16,53,5.9,         Exposed,NA,70.9,6.56,0.76,442.09,226.09,442.09,0,0,0,0,0,0.15,0.15,1,2,0,1
424,      SA,5244,18,59,5.9,        Suburban,NA,283.82,0.01,0,113.21,113.21,113.21,0,0,0,0,0,0.51,0.51,1,2,0,1
425,      SA,5245,18,59,5.7,        Suburban,NA,286.03,0.99,0.14,132.1,132.1,132.1,0,0,0,0,0,0.15,0.15,1,2,0,1
426,      SA,5152,17,59,5.9,        Suburban,NA,241.49,3,0.46,224.9,182.7,224.9,0,0,0,0,0,0.1,2.3,2,4,0,2
427,      SA,5251,16,59,5.8,        Suburban,NA,237.73,5.86,0.5,204.2,204.2,204.2,0,0,0,0,0,0.1,0.55,3,4,0,1
428,      SA,5222,16,59,5.9,        Suburban,NA,240.78,6.37,0.36,221.6,174.1,221.6,0,0,0,0,0,0.1,0.1,1,3,0,1
429,      SA,5355,16,59,6.3,        Suburban,NA,249.05,5.94,0.49,106.7,85.6,106.7,0,0,0,0,47,0.1,0.1,1,2,0,1
430,      SA,5355,16,59,6.3,        Suburban,NA,252.16,4.95,0.5,106.7,85.6,106.7,0,0,0,0,47,0.1,0.1,1,2,0,1
431,      SA,5355,16,59,6.2,        Suburban,NA,263.22,3.04,0.26,106.7,85.6,106.7,0,0,0,0,47,0.1,0.1,1,2,0,1
432,      SA,5355,16,59,6.2,        Suburban,NA,258.02,4.32,0.43,106.7,85.6,106.7,0,0,0,0,47,0.1,0.1,1,2,0,1
433,      SA,5355,16,59,6.4,        Suburban,NA,246.67,7.12,0.53,68.2,68.2,68.2,0,0,0,0,40,0.1,0.1,1,1,0,1
434,      SA,5355,16,59,6.1,        Suburban,NA,272.82,4.53,0.48,68.2,68.2,68.2,0,0,0,0,40,0.1,0.1,1,1,0,1
435,      SA,5355,16,59,6.2,        Suburban,NA,266.92,5.05,0.42,68.2,68.2,68.2,0,0,0,0,40,0.1,0.1,1,1,0,1
436,      SA,5355,16,59,6.2,        Suburban,NA,271.36,5.13,0.48,68.2,68.2,68.2,0,0,0,0,40,0.1,0.1,1,1,0,1
437,      SA,5355,16,59,6.4,        Suburban,NA,252.96,6.62,0.46,68.2,68.2,68.2,0,0,0,0,40,0.1,0.1,1,1,0,1
438,      SA,5355,16,59,6.1,        Suburban,NA,275.44,4.36,0.47,68.2,68.2,68.2,0,0,0,0,40,0.1,0.1,1,1,0,1
439,      SA,5355,16,59,6.2,        Suburban,NA,265.74,5.47,0.46,68.2,68.2,68.2,0,0,0,0,40,0.1,0.1,1,1,0,1
440,      SA,5355,16,59,6.3,        Suburban,NA,257.15,4.36,0.47,68.2,68.2,68.2,0,0,0,0,40,0.1,0.1,1,1,0,1
441,      SA,5251,15,59,5.9,        Suburban,NA,280.17,5.77,0.55,145.4,110.8,145.4,0,0,0,0,0,0.1,0.1,1,3,0,1
442,      SA,5250,16,59,5.9,        Suburban,NA,265,3.68,0.4,162.9,127.8,162.9,0,0,0,0,0,0.1,0.1,2,3,0,1
443,      SA,5140,16,59,5.7,        Suburban,NA,238.35,2.79,0.31,266.4,225.2,266.4,0,0,0,0,0,-0.9,0.5,2,3,0,1
444,      SA,5255,16,59,6.1,        Suburban,NA,246.77,18.8,0.59,109.2,109.2,109.2,0,0,0,0,0,0.1,0.1,1,3,0,1
445,      SA,5250,16,59,5.9,        Suburban,NA,255.99,3.38,0.42,182.9,143.1,182.9,0,0,0,0,0,0.1,0.1,2,3,0,1
446,      SA,5250,16,59,6.1,        Suburban,NA,208.79,5.3,0.48,272.4,236.4,272.4,0,0,0,0,0,0.1,0.35,2,3,0,1
447,      SA,5234,16,59,6.1,        Suburban,NA,221.77,5.13,0.53,235.1,198,235.1,0,0,0,0,0,0.1,0.1,3,4,0,1
448,      SA,5252,16,59,6.1,        Suburban,NA,229.6,14.99,0.61,185.2,152.6,185.2,0,0,0,0,0,0.1,0.1,2,4,0,1
449,      SA,5244,16,59,6.1,        Suburban,NA,222.93,1.9,0.36,237.2,201.5,237.2,0,0,0,0,0,0.1,0.1,2,4,0,1
450,      SA,5251,16,59,5.9,        Suburban,NA,234.95,2.46,0.36,255.9,206.9,255.9,0,0,0,0,0,0.1,0.1,2,3,0,1
451,      SA,5144,16,59,5.8,            Open,NA,220.94,1.8,0.19,286.57,286.57,219.9,0,66.67,0,0,0,0.15,0.15,3,4,0,1
452,      SA,5251,18,59,5.9,        Suburban,NA,243.05,3.32,0.29,216.6,180.6,216.6,0,0,0,0,0,0.1,0.1,2,3,0,1
453,      SA,5251,16,59,5.9,        Suburban,NA,273.96,5.13,0.44,139.3,104.3,139.3,0,0,0,0,0,0.1,0.55,1,3,0,1
454,      SA,5152,16,59,5.6,        Suburban,NA,224.21,2.6,0.24,369.4,332.6,353.1,0,0,0,0,0,0.1,1.6,2,4,0,1
455,      SA,5152,18,59,5.9,            Open,NA,299.38,9.41,0.61,53.46,53.46,53.46,0,0,0,0,39,0.15,0.69,1,0,0,1
456,      SA,5152,18,59,5.9,            Open,NA,299.62,6.49,0.51,53.46,53.46,53.46,0,0,0,0,37,0.15,0.69,1,0,0,1
457,      SA,5152,18,59,5.9,            Open,NA,300.98,9.74,0.63,53.46,53.46,53.46,0,0,0,0,39,0.15,0.69,1,0,0,1
458,      SA,5152,18,59,5.9,            Open,NA,306.77,6.27,0.57,53.46,53.46,53.46,0,0,0,0,37,0.15,0.69,1,0,0,1
459,      SA,5152,18,59,5.9,            Open,NA,293.73,15.61,0.57,53.46,53.46,53.46,0,0,0,0,39,0.15,0.69,1,0,0,1
460,      SA,5152,18,59,5.9,            Open,NA,291.26,5.07,0.39,66.75,66.75,66.75,0,0,0,0,41,0.15,0.15,1,0,0,1
461,      SA,5152,18,59,5.8,            Open,NA,301.18,6.61,0.42,66.75,66.75,66.75,0,0,0,0,40,0.15,0.15,1,0,0,1
462,      SA,5355,17,59,5.8,            Open,NA,220.09,3.17,0.31,316.11,279.93,316.11,0,0,0,0,0,0.15,0.46,2,4,0,1
463,      SA,5152,18,59,5.7,        Suburban,NA,198.01,11.3,0.43,506.03,471.31,360.76,0,0,0,0,0,0.15,3.45,2,5,1,2
464,      SA,5152,17,59,5.9,            Open,NA,204.37,5.52,0.42,389.61,292.3,274.9,0,0,0,0,0,-0.2,3,3,5,1,2
465,      SA,5374,17,59,6.1,        Suburban,NA,227.62,13.94,0.62,212.5,169.9,42.6,0,174.6,0,0,0,0.1,0.5,1,3,0,1
466,      SA,5154,16,59,6,        Suburban,NA,241.39,9.32,0.41,153,153,153,0,0,0,0,0,0.1,0.1,1,3,0,1
467,      SA,5222,18,59,5.9,            Open,NA,224.37,22.23,0.71,180.5,180.5,0,18400,184,0,0,0,0.7,0.7,1,4,0,1
468,      SA,5222,16,59,5.9,        Suburban,NA,250.04,5.56,0.47,188.4,156.2,188.4,0,0,0,0,0,0.1,0.1,2,3,0,1
469,      SA,5153,16,59,5.9,            Open,NA,210.55,7.89,0.33,330,290,282,0,0,0,0,0,0.1,2.8,1,4,1,2
470,      SA,5355,16,59,5.8,        Suburban,NA,296.09,13.89,0.84,84.2,84.2,0,0,0,0,0,0,0.6,0.6,1,3,0,1
471,      SA,5413,17,59,5.8,            Open,NA,244.24,0.38,0.11,200.49,200.49,200.49,0,0,0,0,0,0.1,0.1,3,3,0,1
472,      SA,5255,17,59,5.9,        Suburban,NA,234.99,2.85,0.24,202.6,205.3,80.8,0,118.1,0,0,0,-1.9,0.2,2,3,0,2
473,      SA,5255,17,59,5.9,        Suburban,NA,234.99,2.85,0.24,202.6,205.3,80.8,0,118.1,0,0,0,-1.9,0.2,2,3,0,2
474,      SA,5154,16,59,5.9,        Suburban,NA,206.59,8.86,0.37,330.53,333.72,145.85,0,125.44,0,0,0,0.15,3.15,2,5,1,2
475,      SA,5155,16,59,5.9,        Suburban,NA,208.24,16.66,0.44,245.41,248.21,82.72,0,180.12,0,0,0,0.15,2.5,3,3,0,2
476,      SA,5245,17,59,5.9,        Suburban,NA,264.38,0.15,0.08,133.3,133.3,108.24,0,0,0,0,0,0.15,3.15,1,2,1,2
477,      SA,5235,17,59,6.3,            Open,NA,249.42,7.97,0.59,98.73,98.73,98.73,0,0,0,0,0,0.15,0.15,1,1,0,1
478,      SA,5153,17,59,5.6,            Open,NA,242.67,3.53,0.2,229.69,235.45,216.55,0,0,0,0,0,0.15,2.75,2,4,0,2
479,      SA,5152,18,59,6,            Open,NA,287.21,9.09,0.41,58.95,58.95,58.95,0,0,0,0,39,0.15,0.69,1,0,0,1
480,      SA,5152,18,59,5.9,            Open,NA,282.48,7.45,0.54,53.46,53.46,53.46,0,0,0,0,74,0.15,0.69,1,0,0,1
481,      SA,5152,18,59,5.9,            Open,NA,282.03,7.12,0.51,53.46,53.46,53.46,0,0,0,0,74,0.15,0.69,1,0,0,1
482,      SA,5152,18,59,5.9,            Open,NA,287.37,8.58,0.55,53.46,53.46,53.46,0,0,0,0,74,0.15,0.69,1,0,0,1
483,      SA,5152,18,59,5.9,            Open,NA,287.28,8.55,0.55,53.46,53.46,53.46,0,0,0,0,74,0.15,0.69,1,0,0,1
484,      SA,5152,18,59,5.8,            Open,NA,291.6,8.02,0.56,53.46,53.46,53.46,0,0,0,0,74,0.15,0.69,1,0,0,1
485,      SA,5152,18,59,5.8,            Open,NA,291.91,7.93,0.56,53.46,53.46,53.46,0,0,0,0,74,0.15,0.69,1,0,0,1
486,      SA,5152,18,59,5.8,            Open,NA,292,7.94,0.57,53.46,53.46,53.46,0,0,0,0,74,0.15,0.69,1,0,0,1
487,      SA,5280,17,61,5.9,        Suburban,NA,153.43,9.74,1.09,182.2,160.4,182.2,0,0,0,0,0,0.1,0.1,1,3,0,1
488,      SA,5291,17,61,6.1,        Suburban,NA,180.24,6.22,1.28,191.03,61.32,112.75,0,86.91,0,0,0,0,0.71,1,2,0,1
